province;red;green;blue;x;x
1;3;255;217;Delta Parana;x
2;101;183;53;Rio Seco;x
3;110;204;34;Asunza;x
4;71;255;227;Dummy4;x #Wilderness
5;196;15;24;Hornopiren;x
6;196;74;80;Chaiten;x
7;255;66;51;Alcerces;x
8;255;33;51;Epuyen;x
9;188;47;62;Leleque;x
10;255;15;19;Cushamen;x
11;255;43;64;Futaleufu;x
12;255;81;98;Languiñeo;x
13;255;107;124;Carrenleufu;x
14;186;48;78;Vintter;x
15;188;47;28;Sacanana;x
16;248;96;28;Meseta del Colorado;x
17;188;51;49;Bosques Petrificados;x
18;165;68;36;Laura;x
19;217;83;106;Shehuen;x 
20;255;96;43;Dawson;x
21;198;55;113;Isla de los Estados;x
22;198;55;85;Agostini;x
23;239;67;90;Navarino;x
24;237;31;85;Cabo de Hornos;x
25;168;55;85;Ushuaia;x
26;234;75;117;Rio Grande del Fuego;x
27;196;64;99;Porvenir;x
28;247;66;40;Gran Malvina;x
29;175;57;42;Isla Soledad;x
30;244;97;78;Lafonia;x
31;237;113;85;Punta Arenas;x
32;234;75;39;Riesco;x
33;232;146;85;Laguna Blanca;x
34;255;120;48;San Gregorio;x
35;229;68;50;Natales;x
36;183;34;18;Paine;x
37;255;105;94;Adelaida;x
38;255;34;18;O Higgins;x
39;255;119;35;Magallanes;x
40;165;56;13;Carbonera;x
41;165;88;58;Coyle;x
42;168;74;36;Gallegos;x
43;219;71;17;Calafate;x
44;255;82;20;Leona;x
45;255;105;56;Chalten;x
46;216;14;0;Corpen;x
47;255;70;56;Puerto Santa Cruz;x
48;196;28;28;Puerto San Julian;x
49;193;0;0;Puerto Deseado;x
50;255;38;38;Cordon Alto;x
51;255;0;0;Caleta Olivia;x
52;255;86;86;El Pedrero;x
53;252;93;61;Perito Moreno;x
54;219;61;26;Gregores;x
55;255;61;61;Wellington;x
56;255;116;55;Tortel;x
57;225;116;18;Cochrane;x
58;255;167;18;Chile Chico;x
59;255;209;18;Aysen;x
60;255;182;18;Guaitecas;x
61;255;128;18;Rio Ibañez;x
62;160;123;0;Coyhaique;x
63;255;195;0;Lago Verde;x
64;255;159;0;Cisnes;x
65;232;25;80;Valdes;x
66;229;50;53;Viedma;x
67;229;50;97;Rawson;x
68;255;56;79;Gaiman;x
69;168;37;52;Ameghino;x
70;191;59;49;Telsen;x
71;193;33;74;Martires;x
72;255;86;106;Escalante;x
73;255;43;92;Sarmiento;x
74;255;71;80;Senguer;x
75;255;58;39;Mayo;x
76;219;50;70;Paso de Indios;x
77;228;78;79;Gastre;x
78;198;88;58;Pelque;x
79;255;80;61;Cardiel;x
80;175;51;21;Pampa del Asador;x
81;194;58;58;Moyano;x
82;198;47;47;Pampa del Setenta;x
83;163;67;70;Mayer;x
84;255;66;63;Chalia;x
85;255;91;102;Pastos Blancos;x
86;255;104;10;Viedma;x
87;186;78;7;Alsina;x
88;219;96;8;Conesa;x
89;219;124;57;San Antonio;x
90;216;146;99;Sierra Grande;x
91;214;116;51;Gualicho;x
92;145;77;34;Somuncura;x
93;198;105;47;Sierra Colorada;x
94;196;82;19;Valcheta;x
95;153;62;6;Mitre;x
96;232;124;78;Choele Choel;x
97;232;145;109;Zorrilla;x
98;234;88;25;Pichi Mahuida;x
99;244;88;25;Bariloche;x
100;242;122;75;Ñorquinco;x
101;239;136;76;Pilcaniyeu;x
102;242;127;82;Jacobacci;x
103;242;98;62;Maquinchao;x
104;239;101;35;Roca;x
105;237;134;109;Mexia;x
106;237;131;83;Catriel;x
107;239;76;35;El Cuy;x
108;237;191;26;Neuquen;x
109;234;160;0;Confluencia;x
110;234;201;0;Picun Leufu;x
111;175;149;0;Collon Cura;x
112;247;232;121;Lacar;x
113;216;199;69;Nahuel Huapi;x #Los Lagos
114;196;159;21;Añelo;x
115;255;199;69;Pehuenches;x
116;209;209;0;Zapala;x
117;239;239;0;Catan Lil;x
118;244;215;26;Huiliches;x
119;216;188;6;Alumine;x
120;234;198;0;Picunches;x
121;232;206;78;Loncopue;x
122;216;181;26;Ñorquin;x
123;112;181;48;Cochico;x
124;255;232;69;Viento;x #Minas and Chos Malal
125;232;159;36;Adela;x
126;229;145;11;Hucal;x
127;229;179;98;Duval;x
128;226;164;63;Curaco;x
129;224;170;51;Casa de Piedra;x
130;224;180;109;Guatrache;x
131;216;174;106;Lihuel Calel;x
132;226;162;65;Utracan;x
133;232;192;140;Santa Rosa;x
134;181;139;39;Pico;x
135;239;183;52;Loventue;x
136;237;199;111;Chalileo;x
137;234;179;51;Limay Mahuida;x
138;234;166;18;Puelen;x
139;39;63;17;Malargue;x
140;123;198;53;Llancanelo;x
141;98;158;42;Payun;x
142;0;4;117;San Rafael;x
143;248;232;99;Tunuyan;x
144;199;229;50;Lujan;x
145;128;255;99;Mendoza;x
146;65;173;38;Guaymallen;x
147;167;255;99;Uspallata;x
148;163;188;73;Lavalle;x
149;194;201;73;Santa Rosa;x
150;213;232;99;San Carlos;x
151;181;216;52;Atuel;x
152;159;158;42;San Rafael;x
153;185;234;49;Alvear;x
154;116;173;97;Bajo Retamo;x
155;143;216;71;Conlara;x
156;35;122;57;Nogoli;x
157;102;130;63;San Luis;x
158;148;188;92;Pedernera;x #Alt. Comechingones
159;47;167;78;Dupuy;x
160;62;168;38;Calingasta;x
161;45;211;8;Sarmiento;x
162;156;247;136;Ullum;x
163;35;167;6;San Juan;x
164;114;204;93;Caucete;x
165;96;165;53;Jachal;x
166;44;206;8;Iglesia;x
167;37;81;37;Chepes;x
168;74;84;74;Chamical;x
169;0;86;6;La Rioja;x
170;32;163;36;Famatina;x
171;29;112;34;Vinchinas;x
172;77;107;7;Tinogasta;x
173;58;84;0;Antofagasta de la Sierra;x
174;115;142;52;Belen;x
175;119;165;11;Santa Maria;x
176;100;119;55;Andalgala;x
177;62;86;6;Catamarca;x
178;99;137;9;Ancasti;x
179;143;198;13;Ambato;x
180;216;255;0;Sali;x
181;209;239;55;Tucuman;x
182;201;216;88;Burruyacu;x
183;206;192;41;Aconquija;x
184;153;173;41;Tafi;x
185;156;216;99;Cayafate;x
186;152;216;93;Rosario de la Frontera;x
187;193;216;171;Guachipas;x
188;87;135;43;Cachalqui;x
189;128;204;12;Lerma;x
190;130;196;25;Poma;x
191;112;219;13;Salta;x
192;120;234;14;Puna;x
193;125;168;82;Metan;x
194;105;188;37;Anta;x
195;150;216;113;Rivadavia;x
196;117;188;69;Tartagal;x
197;140;216;69;Oran;x
198;118;229;47;Iruya;x
199;152;232;78;Antofalla;x
200;0;4;175;Dummy200;x
201;86;46;0;Ancud;x
202;128;46;0;Chiloe;x
203;181;63;0;Quinchao;x
204;84;63;39;Quellon;x
205;188;53;24;Calbuco;x
206;239;71;0;Llanquihue;x
207;239;93;31;Fresia;x
208;239;136;31;Osorno;x
209;237;147;56;San Juan de la Costa;x
210;216;117;17;Entrelagos;x
211;224;61;29;Cochamo;x
212;221;17;27;Palena;x
213;196;15;24;Chaiten;x
214;249;37;87;Temuco;x
215;249;84;123;Malleco;x
216;240;0;58;Tolten;x
217;198;21;66;Villarrica;x
218;255;0;67;Tucapel;x
219;229;0;61;Los Angeles;x
220;145;15;50;Concepcion;x
221;196;27;72;Arauco;x
222;247;54;102;Lonquimay;x
223;237;18;58;Itata;x #Ñuble
224;237;111;134;Punilla;x
225;237;73;103;Diguillin;x
226;178;73;103;Cauquenes;x
227;229;80;115;Linares;x
228;226;131;155;Colbun;x
229;229;55;107;Talca;x
230;224;31;111;Curico;x
231;229;20;34;Cachapoal;x
232;226;54;68;Colchagua;x
233;226;111;120;Pichilemu;x
234;150;0;22;Santiago;x
235;151;31;48;Melipilla;x
236;219;46;72;Chacabuco;x
237;237;26;57;Maipo;x
238;153;16;132;Desventuradas;x
239;198;37;61;Petorca;x
240;190;0;32;Quillota;x
241;216;0;32;Valparaiso;x
242;216;43;69;San Antonio;x
243;153;29;47;Aconcagua;x
244;153;16;37;Masatierra;x
245;206;22;53;Masafuera;x
246;173;38;80;Choapa;x
247;206;0;65;Limari;x
248;137;23;59;Elqui;x
249;168;0;53;Coquimbo;x
250;143;0;101;Huasco;x
251;143;0;159;Copiapo;x
252;143;0;78;Chañaral;x
253;194;0;120;Antofagasta;x
254;255;48;179;Atacama;x
255;194;70;120;Calama;x
256;193;42;105;Tocopilla;x
257;160;0;120;Ollague;x
258;201;0;159;Tamarugal;x
259;224;87;178;Iquique;x
260;198;47;168;Huara;x
261;234;58;113;Arica;x
262;234;0;113;Parinacota;x
263;182;16;37;Salas y Gomez;x
264;182;55;37;Pascua;x
265;206;88;157;Huascaltino;x
266;144;41;158;Ojos del Salado;x
268;163;52;188;Caldera;x
269;192;155;192;Atacama Desert;x
270;104;145;10;Pissis;x
271;193;71;128;Lullaillaco;x
272;234;68;173;Taltal;x
273;232;116;189;Mejillones;x
274;255;96;197;Jama;x
275;168;232;109;Arizaro;x
276;226;239;76;Yavi;x
277;211;229;13;Santa Catalina;x
278;227;234;14;Jujuy;x
279;181;232;53;Calilegua;x
280;186;219;13;Santa Barbara;x
281;144;168;10;Yunga;x
282;217;213;15;Tumbaya;x
283;189;182;13;Humahuaca;x
284;191;198;109;Cochinoca;x
285;201;219;13;Susques;x
286;113;137;209;Patagones;x
287;97;125;226;San Blas;x
288;144;156;150;Villarino;x
289;97;178;178;Medanos;x
290;17;175;175;Bahia Blanca;x
291;0;204;236;Punta Alta;x
292;45;149;173;Dorrego;x
293;69;189;216;Necochea;x
294;52;197;229;Loberia;x
295;55;178;206;Mar del Plata;x
296;103;197;219;Gesell;x
297;173;202;216;Madariaga;x
298;66;167;214;Tuyu;x
299;31;154;211;Dolores;x
300;25;147;255;Punta Indio;x
301;55;118;173;La Plata;x
302;43;198;198;Quilmes;x
303;118;193;193;La Matanza;x
304;0;196;209;Cañuelas;x
305;124;255;255;Pilar;x
306;134;239;239;Moron;x
307;163;255;255;Buenos Aires;x
308;18;158;158;Tigre;x
309;0;255;254;Campana;x
310;111;168;168;Zarate;x
311;132;255;255;Ramallo;x
312;0;226;244;Pergamino;x
313;0;234;234;Areco;x
314;28;180;204;Lujan;x
315;70;206;206;Chivilcoy;x
316;76;224;236;Chacabuco;x
317;105;228;216;Junin;x
318;0;204;204;Lincoln;x
319;96;255;255;Villegas;x
320;81;214;255;Trenque Lauquen;x
321;90;135;173;Alsina;x
322;138;190;216;Guamini;x
323;112;115;224;Daireaux;x
324;24;214;224;Pehuajo;x
325;71;211;211;Bragado;x
326;35;160;188;Saladillo;x
327;73;149;255;Belgrano;x
328;67;165;155;Lobos;x
329;53;106;153;Brandsen;x
330;22;128;226;Chascomus;x
331;38;173;204;Ayacucho;x
332;34;167;229;Castelli;x
333;85;163;181;Balcarce;x
334;21;130;219;Tandil;x
335;65;211;225;Tapalque;x
336;109;221;255;Olavarria;x
337;71;215;255;Laprida;x
338;112;166;211;Saavedra;x
339;104;154;196;Puan;x
340;0;238;238;Ibicuy;x
341;0;220;220;Lechiguanas;x
342;83;198;209;Gualeguaychu;x
343;0;236;221;Gualeguay;x
344;0;213;230;Victoria;x
345;119;255;255;Parana;x
346;140;255;255;Nogoya;x
347;60;235;235;Uruguay;x
348;56;255;232;Villaguay;x
349;96;242;227;La Paz;x
350;132;255;240;Federal;x
351;100;215;215;Concordia;x
352;0;181;141;Sauce;x
353;0;229;175;Curuzu Cuaitia;x
354;50;195;162;Goya;x
355;41;216;172;Mercedes;x
356;0;240;205;Miriñay;x
357;62;239;213;Aguapey;x
358;51;240;180;Ituzaingo;x
359;41;206;192;Mburucuya;x
360;74;239;198;Bella Vista;x
361;0;240;180;Corrientes;x
362;81;236;200;Palmar;x
363;0;196;147;Itati;x
364;52;122;145;Posadas;x
365;35;134;147;Itacuara;x
366;59;203;159;Obera;x
367;50;176;190;San Ignacio;x
368;47;182;239;Cainguas;x
369;98;197;239;Guarani;x
370;25;97;142;Yaboti;x
371;60;130;173;Montecarlo;x
372;69;134;198;San Antonio;x
373;31;120;178;Iguazu;x
374;101;145;31;Huidobro;x
375;135;183;56;Rio Cuarto;x
376;42;142;0;Celman;x
377;41;153;85;Marcos;x
378;57;145;20;Maria;x
379;51;159;43;Tercero Arriba;x
380;97;158;44;Calamuchita;x
381;111;198;73;Achala;x
382;98;198;55;Mina;x
383;109;158;0;Cruz del Eje;x
384;75;137;39;Tulumba;x
385;113;124;61;Punillas;x
386;80;181;34;Santa Maria;x
387;38;127;0;Cordoba;x
388;113;174;61;Jesus Maria;x
389;38;127;58;Rio Segundo;x
390;77;124;70;Rio Primero;x
391;45;150;43;Mar Chiquita;x
392;121;168;47;Laboulaye;x
393;63;145;29;Totoral;x
394;114;168;48;Sobremonte;x
395;131;196;102;Pocho;x
396;120;255;43;Bermejo;x
397;170;255;71;Patiño;x
398;194;247;59;Pilagas;x
399;180;229;55;Pirane;x
400;213;255;109;Pilcomayo;x
401;182;255;47;Formosa;x
402;101;226;70;Otumpa;x
403;101;219;8;Güemes;x
404;108;229;9;Brown;x
405;76;255;78;Leonesa;x
406;151;255;16;Cangui;x
407;149;255;104;Tapenagá;x
408;76;255;101;Fontana;x
409;61;206;78;Resistencia;x
410;137;196;104;Boqueron;x
411;113;198;28;Copo;x
412;121;211;31;Alberdi;x
413;121;236;89;Moreno;x
414;127;204;61;Pellegrini;x
415;149;224;114;Figueroa;x
416;58;244;78;Taboada;x
417;170;255;28;Malibran;x
418;151;224;24;Salavina;x
419;158;216;32;Ambagasta;x
420;150;226;18;Choya;x
421;151;198;69;Silipica;x
422;151;247;34;Guayasan;x
423;151;255;0;Santiago del Estero;x
424;166;224;53;Banda;x
425;118;168;89;Bosque Impenetrable;x
426;33;184;255;Lopez;x
427;68;199;255;Constitucion;x
428;57;172;239;Caseros;x
429;86;193;255;San Lorenzo;x
430;68;186;255;Rosario;x
431;33;195;255;Iriondo;x
432;20;176;255;Sastre;x
433;22;181;255;Rafaela;x
434;79;202;255;Colonias;x
435;25;144;255;Santa Fe;x
436;50;149;255;Garay;x
437;48;217;255;San Cristobal;x
438;0;148;255;Vera;x
439;56;165;255;Obligado;x
440;0;56;168;Montevideo;x
441;10;81;181;Atlantida;x
442;15;33;153;Piedra;x
443;22;40;132;Plata;x
444;13;25;163;Canelones;x
445;29;70;165;Maldonado;x
446;24;69;204;Lavalleja;x
447;44;66;165;Rocha;x
448;34;54;142;Puimayen;x
449;12;53;158;Treintaytres;x
450;28;56;127;Merin;x
451;40;71;155;Melo;x
452;9;37;122;Rivera;x
453;13;44;114;Tacuarembo;x
454;18;30;165;Durazno;x
455;15;52;188;Florida;x
456;24;36;150;Flores;x
457;34;80;165;Colonia;x
458;14;58;135;Carmelo;x
459;13;77;188;Soriano;x
460;34;65;191;Rio Negro;x
461;11;54;140;Paysandu;x
462;4;70;150;Dayman;x
463;5;80;173;Salto;x
464;14;56;135;Arapey;x
465;18;64;155;Artigas;x
466;54;71;165;San Jose;x
467;34;62;183;Lascano;x
468;10;42;130;Vichadero;x
469;25;64;193;Noblia;x
470;15;50;127;Caraguata;X
471;247;208;81;Chui;x
472;226;191;74;Rio Grande;x
473;224;173;4;Sao Jose do Norte;x
474;244;199;83;Jaguarao;x
475;255;227;71;Herval;x
476;255;239;73;Piratini;x
477;216;168;56;Capao do Leao;x
478;224;190;103;Pelotas;x
479;255;205;81;Cangucu;x
480;229;191;52;Camaqua;x
481;216;179;30;Feliciano;x
482;229;179;0;Tapes;x
483;255;190;50;Mostardas;x
484;255;224;73;Guaiba;x
485;255;216;0;Porto Alegre;x
486;255;234;142;Viamao;x
487;255;216;97;Canoas;x
488;229;194;66;Sao Leopoldo;x
489;255;215;43;Novo Hamburgo;x
490;188;153;28;Taquara;x
491;255;204;104;Pinhal;x
492;255;185;82;Osorio;x
493;226;170;38;Torres;x
494;229;181;50;Caraa;x
495;247;214;84;Sao Francisco de Paula;x
496;244;203;53;Canela;x
497;234;193;28;Caixas do Sul;x
498;204;168;24;Bento Goncalves;x
499;247;221;132;Bom Jesus;x
500;248;209;43;Vacaria;x
501;219;188;87;Guapore;x
502;226;183;27;Lajeado;x
503;239;197;28;Montenegro;x
504;242;196;29;Estrela;x
505;226;183;58;Santa Cruz do Sul;x
506;224;184;38;Sao Jeronimo;x
507;204;157;28;Cachoeira do Sul;x
508;255;205;51;Acegua;x
509;234;220;28;Bage;x
510;217;181;50;Dom Pedrito;x
511;232;216;164;Sao Gabriel;x
512;232;198;88;Rosario do Sul;x
513;234;190;32;Santana do Livramento;x
514;249;213;62;Quarai;x
515;228;175;17;Uruguaiana;x
516;188;142;15;Alegrete;x
517;234;177;18;Itaqui;x
518;224;194;42;Macaramba;x
519;224;211;148;Manoel Viana;x
520;234;215;117;Sao Borja;x
521;221;179;82;Cacequi;x
522;204;178;93;Santa Maria;x
523;217;173;81;Restinga Seca;x
524;234;195;53;Jaguari;x
525;239;190;91;Santiago;x
526;255;202;28;Santo Angelo;x
527;217;178;61;Xavier;x
528;234;179;39;Santa Rosa;x
529;255;203;99;Tres Passos;x
530;247;217;108;Ijui;x
531;244;202;48;Cruz Alta;x
532;229;200;105;Soledade;x
533;232;186;23;Passo Fundo;x
534;198;169;63;Westphalen;x
535;239;204;76;Echerim;x
536;255;217;81;Sananduva;x
537;232;224;92;Ararangua;x
538;213;216;47;Criciuma;x
539;244;247;54;Tubarao;x
540;216;229;27;Braco do Norte;x
541;208;211;25;Imarui;x
542;182;216;26;Tabuleiro;x
543;173;196;23;Palhoca;x
544;202;226;13;Santa Catarina;x
545;236;255;68;Canelinha;x
546;153;165;44;Tijucas;x
547;233;255;38;Itajai;x
548;193;211;31;Blumenau;x
549;197;209;92;Ituporanga;x
550;213;229;71;Altovale;x
551;255;247;28;Sao Francisco do Sul;x
552;232;228;25;Joinsville;x
553;255;248;56;Jaguara do Sul;x
554;224;255;71;Sao Bento do Sul;x
555;186;219;24;Canoinhas;x
556;196;211;122;Sao Joaquim;x
557;242;255;181;Lages;x
558;226;255;86;Curitibanos;x
559;220;239;76;Videira;x
560;188;211;16;Joacaba;x
561;227;255;20;Concordia;x
562;241;255;135;Xanxere;x
563;198;219;94;Chapeco;x
564;232;255;66;Pepiri Guazu;x
565;225;255;89;Guaratuba;x
566;232;255;43;Paranagua;x
567;201;219;37;Guaraquecaba;x
568;226;247;34;Curitiba;x
569;221;228;86;Rio Negro;x
570;232;255;96;Lapa;x
571;201;219;78;Capivari;x
572;221;239;86;Cerro Azul;x
573;239;210;23;Jaguariaiva;x
574;229;219;84;Jacarezinho;x
575;242;227;62;Procopio;x
576;234;203;0;Borba;x
577;248;255;70;Tibagi;x
578;223;229;64;Ponta Grossa;x
579;224;255;122;Irati;x
580;190;216;56;Prudentopolis;x
581;211;211;42;Ivaipora;x
582;213;214;102;Apucarana;x
583;232;232;64;Londrina;x
584;221;234;150;Assai;x
585;236;255;73;Astorga;x
586;242;255;127;Maringa;x
587;223;239;74;Paranavai;x
588;204;219;67;Loanda;x
589;221;216;43;Umuarama;x
590;242;235;48;Cianorte;x
591;226;213;54;Campo Murao;x
592;234;194;51;Pitanga;x
593;224;213;89;Goioere;x
594;220;226;95;Toledo;x
595;219;229;67;Guaira;x
596;228;247;123;Foz do Iguacu;x
597;229;229;71;Medianeira;x
598;205;213;89;Cascavel;x
599;196;180;74;Guarapuava;x
600;224;224;56;Uniao da Vitoria;x
601;219;205;83;Palmas;x
602;229;242;142;Pato Branco;x
603;188;204;89;Beltrao;x
604;218;244;70;Capanema;x
605;206;184;57;Encantadas;x
606;226;202;63;Cacapava do Sul;x
607;101;181;27;Cananeia;x
608;95;158;36;Registro;x
609;96;142;21;Iguape;x
610;122;198;45;Manecao;x
611;161;239;35;Itanhaem;x
612;95;160;44;Santos;x
613;123;204;57;Bertioga;x
614;92;173;26;Caraguatatuba;x
615;123;182;57;Ilhabela;x
616;117;160;56;Ubatuba;x
617;164;219;26;Barreiro;x
618;193;221;127;Cruzeiro;x
619;173;219;57;Aparecida;x
620;89;122;19;Cunha;x
621;155;190;82;Taubate;x
622;155;229;64;Mantiqueira;x
623;128;167;50;Campos;x
624;105;204;24;Paraibuna;x
625;189;211;116;Salesopolis;x
626;82;124;67;Mogi das Cruzes;x
627;179;209;71;Guarulhos;x
628;161;229;89;Maua;x
629;73;104;40;Sao Paulo;x
630;97;151;64;Itapecerica;x
631;46;81;46;Osasco;x
632;38;119;38;Rocha;x
633;25;150;38;Braganca Paulista;x
634;104;183;104;Jundiai;x
635;62;186;38;Itu;x
636;38;112;23;Sorocaba;x #20
637;64;229;86;Campinas;x
638;69;158;81;Amparo;x
639;20;168;20;Mogi Mirim;x
640;95;145;95;Sao Joao da Boa Vista;x
641;83;204;83;Pirassununga;x
642;107;234;107;Limeira;x
643;127;186;102;Americana;x
644;131;198;131;Piracicaba;x
645;178;234;178;Rio Claro;x
646;38;175;57;Sao Carlos;x
647;137;188;137;Ribeirao Preto;x
648;55;158;55;Batatais;x
649;35;211;35;Franco;x
650;118;226;118;Ituverava;x
651;69;158;69;Barretos;x
652;62;216;95;Araraqua;x
653;119;168;129;Ibitinga;x
654;129;211;129;Jaboticabal;x
655;47;242;29;Catanduva;x
656;56;165;78;Novo Horizonte;x
657;38;183;22;Rio Preto;x
658;84;229;27;Olimpia;x
659;145;232;113;Nova Granada;x
660;78;234;93;Nhandeara;x
661;66;183;25;Votuporanga;x
662;115;209;83;Fernandopolis;x
663;110;183;102;Auriflama;x
664;129;234;93;Jales;x
665;79;211;35;Solteira;x
666;62;234;28;Aracanguá;x
667;174;229;27;Andradina;x
668;132;183;22;Aracatuba;x
669;158;219;28;Birigui;x
670;168;255;30;Lins;x
671;143;204;12;Bauru;x
672;155;232;74;Jau;x
673;190;211;143;Botucatu;x
674;175;209;102;Tauti;x
675;108;145;27;Itapetininga;x
676;93;119;62;Piedade;x
677;145;226;13;Capao Bonito;x
678;205;226;13;Itapeva;x
679;170;211;10;Paranapanema;x
680;147;211;10;Avare;x
681;191;239;88;Lencois Paulista;x
682;114;173;20;Marilia;x
683;197;234;11;Ourinhos;x
684;150;175;8;Assis;x
685;170;211;25;Tupa;x
686;160;247;19;Adamantina;x
687;128;198;15;Dracena;x
688;182;204;77;Peixe;x
689;197;247;34;Rosana;x
690;217;247;19;Prudente;x
691;180;229;18;Rancharia;x
692;127;255;142;Paraty;x
693;84;183;112;Angra;x
694;94;219;108;Ilhagrande;x
695;0;190;20;Mangaratiba;x
696;47;181;82;Guaratiba;x
697;68;226;82;Itaguai;x
698;107;196;130;Campo Grande;x
699;91;142;104;Pedra Branca;x
700;11;114;37;Rio de Janeiro;x
701;84;183;85;Nova Iguacu;x
702;81;239;142;Mage;x
703;18;183;82;Niteroi;x
704;18;181;58;Marica;x
705;13;224;94;Itaborai;x
706;112;165;130;Araruama;x
707;76;112;88;Buzios;x
708;52;219;143;Ostras;x
709;150;221;174;Macare;x
710;48;209;77;Goytacazes;x
711;97;188;82;Itabapoana;x
712;135;242;170;Guarus;x
713;48;170;77;Itaperuna;x
714;65;224;120;Miracema;x
715;87;181;56;Itaocara;x
716;97;226;125;Cantagalo;x
717;15;153;45;Nova Friburgo;x
718;23;234;35;Carmo;x
719;116;194;147;Teresopolis;x
720;27;191;19;Tres Rios;x
721;54;193;107;Petropolis;x
722;138;216;136;Vassouras;x
723;72;193;67;Valenca;x
724;83;226;134;Quatis;x
725;48;173;94;Pirai;x
726;135;229;169;Volta Redonda;x
727;107;249;97;Resende;x
728;20;168;105;Itapemirim;x
729;151;229;178;Muqui;x
730;71;204;146;Alegre;x
731;131;247;169;Castelo;x
732;48;244;147;Guarapari;x
733;33;168;100;Floriano;x
734;11;193;123;Claudio;x
735;89;219;169;Jetiba;x
736;9;160;150;Colatina;x
737;82;247;194;Ecoporanga;x
738;70;206;145;Nova Venecia;x
739;82;206;198;Montanha;x
740;47;239;186;Sao Mateus;x
741;41;206;195;Linhares;x
742;23;119;113;Aracruz;x
743;102;193;158;Serra;x
744;23;119;83;Vitoria;x
745;45;229;159;Viana;x
746;123;183;160;Vilavelha;x
747;113;232;44;Iturama;x
748;117;206;2;Ituiutaba;x
749;15;226;26;Capinopolis;x
750;194;249;122;Monte Alegre;x
751;150;216;62;Prata;x
752;112;188;77;Itapagipe;x
753;70;188;1;Frutal;x
754;127;186;91;Uberaba;x
755;142;249;2;Uberlandia;x
756;221;247;185;Araguari;x
757;78;137;15;Monte Carmelo;x
758;81;177;7;Juliana;x
759;163;216;2;Araxa;x
760;196;236;4;Patrocinio;x
761;123;194;23;Coromandel;x
762;161;188;103;Patos;x
763;133;188;15;Gotardo;x
764;179;247;19;Indaia;x
765;219;242;12;Abaite;x
766;160;206;10;Vazante;x
767;182;221;62;Paracatu;x
768;163;183;9;Pinheiro;x
769;163;225;9;Unai;x
770;182;224;151;Urucuia;x
771;163;170;9;Arinos;x
772;236;232;77;Bonito;x
773;80;196;128;Itacarambi;x
774;39;193;66;Januaria;x
775;113;183;121;Sao Francisco;x
776;55;186;12;Brasilia de Minas;x
777;104;188;98;Montes Claros;x
778;36;145;29;Sa;x
779;29;247;33;Porteirinha;x
780;131;247;133;Jaiba;x
781;101;193;104;Monte Azul;x
782;56;193;104;Rio Pardo de Minas;x
783;115;209;132;Taiobeiras;x
784;194;211;91;Salinas;x
785;24;188;13;Grao Mogol;x
786;43;247;16;Bocaiuva;x
787;32;165;11;Felicio;x
788;69;211;91;Diamantina;x
789;45;137;59;Capelinha;x
790;97;186;87;Aracuai;x
791;132;213;85;Pedra Azul;x
792;113;188;105;Almenara;x
793;141;193;165;Jequitinhonha;x
794;18;234;169;Aguas Formosas;x
795;111;196;151;Nanuque;x
796;38;186;22;Carai;x
797;12;153;77;Otoni;x
798;3;193;92;Ataleia;x
799;11;198;155;Mantena;x
800;66;198;116;Itambacuri;x
801;120;198;116;Pecanha;x
802;7;119;40;Valadares;x
803;101;239;151;Aimores;x
804;7;140;75;Mahuacu;x
805;64;122;82;Tarumirim;x
806;130;188;116;Caratinga;x
807;117;226;93;Ipatinga;x
808;111;196;47;Guanhaes;x
809;110;160;16;Itambe;x
810;155;226;22;Mato Dentro;x
811;154;211;10;Curvelo;x
812;131;221;62;Pirapora;x
813;92;127;10;Tres Marias;x
814;137;160;93;Para de Minas;x
815;186;255;62;Sete Lagoas;x
816;180;219;109;Divinopolis;x
817;147;221;19;Formiga;x
818;54;76;6;Bambui;x
819;139;196;15;Piumhi;x
820;107;168;79;Delfinopolis;x
821;51;120;20;Passos;x
822;148;206;121;Paraiso;x
823;31;120;20;Guaxupe;x
824;198;255;191;Alterosa;x
825;111;142;107;Alfenas;x
826;55;206;35;Caldas;x
827;109;206;93;Andradas;x
828;45;86;39;Cambui;x
829;122;234;107;Pouso Alegre;x
830;33;234;7;Sapucai;x
831;61;127;7;Itajuba;x
832;163;232;32;Rio Verde;x
833;38;112;29;Varginha;x
834;88;255;66;Boa Esperanca;x
835;111;135;67;Campobelo;x
836;43;183;31;Lavras;x
837;90;127;17;Andrelandia;x
838;25;160;8;Lima Duarte;x
839;25;120;39;Juiz de Fora;x
840;41;196;61;Bicas;x
841;47;226;122;Cataguases;x
842;16;186;109;Muriae;x
843;3;63;34;Caparao;x
844;91;142;118;Carangola;x
845;61;204;118;Maripo;x
846;51;182;70;Pontenova;x
847;97;213;136;Vicosa;x
848;136;224;173;Uba;x
849;145;193;151;Dumont;x
850;136;224;93;Barbacena;x
851;175;234;79;Sao Joao del-Rei;x
852;85;119;22;Oliveira;x
853;124;181;19;Itaguara;x
854;116;234;25;Lafaiete;x
855;34;142;19;Mariana;x
856;67;130;53;Itabi;x
857;95;211;80;Acima;x
858;65;145;55;Itauna;x
859;31;132;10;Pedro Leopoldo;x
860;31;213;10;Belo Horizonte;x
861;70;38;255;Rio Grande of Brazil 1;x
862;34;28;194;Rio Grande of Brazil 2;x
863;181;0;24;Paranaiba River;x
864;255;20;79;Parana Guazu River;x
865;255;216;229;Parana River 0;x #Union with Paranaiba and Rio Grande
866;255;0;82;Parana River 1;x
867;255;35;108;Parana River 2;x
868;204;28;87;Parana River 3;x
869;234;32;100;Parana River 4;x
870;204;71;115;Parana River 5;x
871;234;82;132;Parana River 6;x
872;198;8;66;Parana River 7;x
873;239;11;84;Parana River 8;x
874;143;8;70;Itapu Lake;x #Itapu Lake
875;114;6;57;Parana River 10;x
876;224;24;74;Tiete River 0;x
877;135;0;45;Tiete River 1;x
878;193;21;64;Tiete River 2;x
879;206;10;59;Tiete River 3;x
880;247;12;71;Tiete River 4;x
881;213;47;143;Paranapanema River 1;x
882;211;97;144;Paranapanema River 2;x
883;201;0;110;Uruguay River 1;x
884;216;52;148;Uruguay River 2;x
885;239;20;163;Uruguay River 3;x
886;239;0;131;Uruguay River 4;x
887;255;47;132;Rio Negro 1;x
888;211;40;111;Rio Negro 2;x #Rincon del Bonete
889;255;224;224;Inner Rio de la Plata;x
890;247;192;232;Northern Argentine Sea;x
891;206;132;187;Coast of Tuyu;x
892;249;182;226;Bahia Blanca;x
893;255;201;209;Bahia de Samborombon;x
894;255;178;178;Western Rio de la Plata;x
895;255;205;163;Eastern Rio de la Plata;x
896;255;194;165;Outer Rio de la Plata;x
897;247;165;165;Bay of Montevideo;x
898;216;147;147;Cisplatinean Sea;x
899;186;244;249;Bahia Desengano;x
900;172;181;183;Whiteside Channel;x
901;201;203;204;Beagle Channnel;x
902;0;122;153;Strait of Magallanes;x
903;0;165;206;Strait of Magallanes;x
904;177;199;204;Beagle Channel;x
905;255;229;229;Drakes Pass;x
906;101;185;206;Strait of Magallanes;x
907;162;177;181;Otway Sound;x
908;224;244;249;Skyring Sound;x
909;170;229;229;Cape Hornos;x
910;155;188;188;Strait of Magallanes;x
911;144;161;165;Beagle Channel;x
912;174;226;255;Strait of La Maire;x
913;163;188;188;Mar Argentino;x
914;112;226;255;Coast of Tierra del Fuego;x
915;147;186;186;Coast of Malvinas;x
916;201;188;188;Coast of Malvinas;x
917;126;186;186;Coast of Patagonia;x
918;89;183;183;Coast of Deseado;x
919;126;223;186;Northern Malvinian Corridor;x
920;159;186;186;Gulf of San Jorge;x
921;172;252;224;Canal Concepcion;x
922;214;249;233;Canal Wide;x
923;227;247;244;Canal Mesier;x
924;198;201;255;Golfo de Penas;x
925;163;188;217;Southern Malvinian Corridor;x
926;126;186;181;Chubut Southern Corridor;x
927;159;186;205;Chubut Central Corridor;x
928;159;204;180;Chubut Northern Corridor;x
929;104;209;186;Coast of Chubut;x
930;128;206;173;Gulf of San Matias;x
931;127;32;216;Rio Negro de Argentina 1;x
932;117;59;226;Rio Negro de Argentina 2;x
933;149;85;228;Rio Negro de Argentina 3;x
934;116;31;226;Rio Negro de Argentina 4;x
935;149;85;214;Rio Neuquen;x
936;95;24;226;Mexia Lake;x
937;190;221;186;Desembocadura del Rio Negro de Argentina;x
938;186;174;211;Bahia Union;x
939;172;236;224;Strait of Magallanes;x
940;125;201;98;Dummy940;x
941;125;201;98;Dummy941;x
942;216;44;171;Dummy942;x
943;144;219;51;Lagos Portugarios;x
944;137;63;86;Tres Marias Lake;x
945;175;17;62;Emborcacao Lake;x
946;211;21;75;Lago das Brisas;x
947;219;30;71;Mar Chiquita;x
948;244;24;83;Jurumirim Lake;x
949;219;50;95;Xavantes Lake;x
950;206;12;66;Iguazu Falls;x
951;255;253;252;Fagnano Lake;x
952;225;221;252;Yehuin Lake;x
953;255;221;252;Blanco Lake;x
954;228;221;252;Ofhidro Lake;x
955;201;244;249;Blanca Lagoon;x
956;28;3;39;Dummy956;x
957;248;204;255;Nansen Lake;x
958;237;127;255;Cardiel Lake;x
959;244;173;255;Carrera-Buenos Aires Lake;x
960;244;165;255;Cochrane-Pueyrredon Lake;x
961;242;173;255;Viedma Lake;x
962;204;232;255;Argentine Lake;x
963;198;229;255;Dummy963;x
964;255;221;209;Grey Lake;x
965;255;221;182;El Toro Lake;x
966;255;204;255;Plata-Fontana Lake;x
967;216;183;255;Rosselot Lake;x
968;215;204;255;Colhue-Huapi Lake;x
969;228;211;255;Musters Lake;x
970;211;198;255;Yelcho Lake;x
971;232;204;255;Llanquihue Lake;x
972;200;198;255;Todos Los Santos Lake;x
973;222;214;255;Rupanco Lake;x
974;230;216;255;Puyehue Lake;x
975;231;219;255;Ranco Lake;x
976;184;185;242;Palena Lake;x ##
977;229;214;255;Yulton Lake;x
978;255;204;247;O'Higgins-San Martin Lake;x
979;217;198;255;Rinihue Lake;x
980;214;204;255;Panguipulli Lake;x
981;188;193;255;Cafalquen Lake;x
982;202;196;255;Villarrica Lake;x
983;221;209;255;Collico Lake;x
984;238;244;255;Caburgua Lake;x
985;189;47;201;Amarga Lake;x
986;154;21;198;Casa de Piedra Lake;x
987;155;18;165;Barreales Lake;x
988;128;18;165;Pellegrini Lake;x
989;178;17;17;Sao Simao Lake;x
990;17;75;145;Mascarenahas do Moraes Lake;x
991;30;131;255;Furnas Lake;x
992;19;210;239;Camargos Lake;x
993;240;217;182;Artic Ocean;x
994;240;240;182;Lakes;x
995;225;211;211;North Atlantic Ocean;x
996;194;217;236;Caribbean Sea;x
997;224;188;188;South Atlantic Ocean;x
998;194;217;255;South Pacific Ocean;x
999;240;217;255;North Pacific Ocean;x
1000;93;122;89;Celestun;x
1001;132;184;134;Hunucma;x
1002;82;127;80;Merida;x
1003;79;142;85;Motul;x
1004;124;188;128;Dzilam;x
1005;91;148;96;Tizimin;x
1006;85;133;90;Valladolid;x
1007;85;153;90;Tinum;x
1008;102;156;106;Izamal;x
1009;122;175;125;Tecoh;x
1010;98;138;93;Maxcanu;x
1011;69;111;67;Ticul;x
1012;58;116;64;Tekax;x
1013;111;165;115;Sotuta;x
1014;137;84;192;Dummy1014;x
1015;64;173;118;Dummy1015;x
1016;211;97;56;Dummy1016;x
1017;89;146;203;Dummy1017;x
1018;178;62;141;Dummy1018;x
1019;34;159;87;Dummy1019;x
1020;223;184;49;Dummy1020;x
1021;116;71;214;Dummy1021;x
1022;152;205;96;Dummy1022;x
1023;47;128;181;Dummy1023;x
1024;196;103;72;Dummy1024;x
1025;83;217;154;Dummy1025;x #22;153;39;145;Holbox;x
1026;154;153;212;Dummy1026;x
1027;165;3;84;Dummy1027;x
1028;50;248;208;Dummy1028;x
1029;239;192;203;Dummy1029;x
1030;12;152;24;Dummy1030;x
1031;22;103;102;Dummy1031;x
1032;52;175;102;Dummy1032;x
1033;72;50;38;Dummy1033;x
1034;68;137;107;Dummy1034;x
1035;174;52;107;Dummy1035;x
1036;26;81;79;Dummy1036;x
1037;187;86;43;Dummy1037;x
1038;250;143;115;Dummy1038;x
1039;110;138;8;Dummy1039;x
1040;10;121;73;Dummy1040;x
1041;224;119;244;Dummy1041;x
1042;85;135;208;Dummy1042;x
1043;1;16;234;Dummy1043;x
1044;31;198;35;Dummy1044;x
1045;247;142;111;Dummy1045;x
1046;12;216;53;Dummy1046;x
1047;149;109;168;Dummy1047;x
1048;117;173;114;Dummy1048;x
1049;4;114;71;Dummy1049;x
1050;19;255;242;Dummy1050;x
1051;77;78;193;Dummy1051;x
1052;217;100;120;Dummy1052;x
1053;175;55;130;Dummy1053;x
1054;160;205;164;Dummy1054;x
1055;248;222;109;Dummy1055;x
1056;92;72;148;Dummy1056;x
1057;216;145;63;Dummy1057;x
1058;133;66;230;Dummy1058;x
1059;207;86;244;Dummy1059;x
1060;115;134;133;Dummy1060;x
1061;38;177;47;Dummy1061;x
1062;88;74;245;Dummy1062;x
1063;224;78;99;Dummy1063;x
1064;64;216;217;Dummy1064;x
1065;5;159;39;Dummy1065;x
1066;45;207;109;Dummy1066;x
1067;235;191;196;Dummy1067;x
1068;210;236;1;Dummy1068;x
1069;228;145;229;Dummy1069;x
1070;146;96;125;Dummy1070;x
1071;32;16;30;Dummy1071;x
1072;135;66;15;Dummy1072;x
1073;16;119;235;Dummy1073;x
1074;112;254;150;Dummy1074;x
1075;159;123;38;Dummy1075;x
1076;252;223;184;Dummy1076;x
1077;127;64;26;Dummy1077;x
1078;106;103;217;Dummy1078;x
1079;233;212;22;Dummy1079;x
1080;161;140;113;Dummy1080;x
1081;96;178;62;Dummy1081;x
1082;71;222;0;Dummy1082;x
1083;251;78;186;Dummy1083;x
1084;59;207;235;Dummy1084;x
1085;99;88;130;Dummy1085;x
1086;46;5;227;Dummy1086;x
1087;171;249;15;Dummy1087;x
1088;180;249;28;Dummy1088;x
1089;81;196;213;Dummy1089;x
1090;112;95;67;Dummy1090;x
1091;60;188;188;Dummy1091;x
1092;48;190;171;Dummy1092;x
1093;119;21;222;Dummy1093;x
1094;233;236;176;Dummy1094;x
1095;18;192;69;Dummy1095;x
1096;25;66;160;Dummy1096;x
1097;77;17;181;Dummy1097;x
1098;195;183;109;Dummy1098;x
1099;127;178;86;Dummy1099;x
1100;98;188;178;Mucuri;x
1101;4;216;191;Freitas;x
1102;119;216;205;Itamaraju;x
1103;9;186;165;Alcobaca;x
1104;86;168;234;Cabralia;x
1105;58;201;225;Enapolis;x
1106;129;204;232;Una;x
1107;64;222;247;Camacan;x
1108;45;184;226;Coaraci;x
1109;127;229;244;Itabuna;x
1110;24;182;244;Ilheus;x
1111;65;159;193;Ipau;x
1112;89;219;224;Gandu;x
1113;100;214;228;Camamu;x
1114;17;215;228;Valenca;x
1115;91;167;255;Muritiba;x
1116;78;147;237;Canchoeira;x
1117;93;186;239;Itaparica;x
1118;55;164;211;Bahia;x
1119;64;192;247;Camacari;x
1120;106;205;247;Catu;x
1121;35;124;242;Esplanada;x
1122;35;186;242;Alagoinhas;x
1123;35;101;242;Pombal;x
1124;101;155;224;Serrinha;x
1125;89;155;255;Santaluz;x
1126;112;159;255;Canudos;x
1127;71;132;255;Jeremoabo;x
1128;170;198;255;Paulo Afonso;x
1129;99;132;198;Chorocho;x
1130;51;86;175;Curaca;x
1131;102;145;255;Juzaeiro;x
1132;116;132;255;Sentose;x
1133;68;101;234;Campo Formoso;x
1134;35;97;255;Bomfim;x
1135;85;144;221;Jacobina;x
1136;94;169;255;Chapeu;x
1137;82;113;244;Ibupiara;x
1138;31;131;247;Irece;x
1139;69;120;216;Piritiba;x
1140;76;136;247;Itaberaba;x
1141;124;220;255;Ipira;x
1142;56;201;255;Feira;x
1143;15;191;255;Jaguaquara;x
1144;55;225;247;Maracas;x
1145;41;172;228;Jequie;x
1146;46;247;237;Pocoes;x
1147;41;216;216;Conquista;x #Vitoria da Conquista
1148;105;240;240;Itapetinga;x
1149;57;239;239;Encruzilhada;x
1150;94;255;255;Condeuba;x
1151;65;175;197;Brumado;x
1152;19;221;225;Urandi;x
1153;147;228;238;Caetite;x
1154;147;244;252;Malhada;x
1155;14;177;247;Paratinga;x
1156;30;169;219;Boquira;x
1157;96;154;255;Seabra;x
1158;25;182;255;Jussiape;x
1159;124;182;240;Carinhanha;x
1160;97;167;216;Correntina;x
1161;155;211;255;Serra do Ramalho;x
1162;124;159;234;Muquem;x
1163;93;147;194;Barreiras;x
1164;143;147;217;Magalhaes;x
1165;186;194;255;Neves;x
1166;125;128;216;Cotegipe;x
1167;134;131;247;Barra;x
1168;106;104;237;Pilao Arcado;x
1169;93;148;244;Xique-Xique;x
1170;133;132;255;Casanova;x
1171;101;138;206;Lencois;x
1172;143;201;217;Coribe;x
1173;8;36;160;Aracuja;x
1174;37;76;249;Estancia;x
1175;84;116;247;Boquim;x
1176;21;42;140;Lagarto;x
1177;81;110;255;Carira;x
1178;43;75;255;Itabaiana;x
1179;49;70;158;Siriri;x
1180;23;67;239;Maruim;x
1181;71;102;229;Japaratuba;x
1182;23;52;216;As Senhoras;x
1183;67;96;242;Porto da Folha;x
1184;36;60;158;Propria;x
1185;35;163;255;Paramirim;x #Bahia Prov
1186;40;74;211;Penedo;x
1187;51;86;236;Traipu;x
1188;56;95;255;Arapiraca;x
1189;35;76;239;Coruripe;x
1190;31;30;216;Maceio;x
1191;70;103;234;Canaragibe;x
1192;70;74;255;Maragogi;x
1193;73;98;255;Novo Lino;x
1194;85;83;255;Santana do Mundau;x
1195;62;113;255;Murici;x
1196;51;88;234;Palmeira dos Indios;x
1197;78;28;255;Santana de Ipanema;x
1198;66;71;255;Mata Grande;x
1199;105;113;255;Gouveia;x
1200;71;83;255;Tapera;x
1201;39;90;255;Batalha;x
1202;119;96;219;Afranio;x
1203;55;15;255;Ouricuri;x
1204;85;43;255;Petrolina;x
1205;107;73;255;Oroco;x
1206;113;50;255;Parnamirim;x
1207;85;89;255;Salgueiro;x
1208;30;38;255;Petrolandia;x
1209;163;166;255;Serra Talhada;x
1210;51;55;183;Ingazeira;x
1211;58;4;252;Arcoverde;x
1212;122;108;247;Inaja;x
1213;29;4;247;Venturosa;x
1214;4;39;247;Garanhuns;x
1215;48;78;244;Lajedo;x
1216;144;166;244;Caruaru;x
1217;43;39;247;Surubim;x
1218;54;61;249;Carpina;x
1219;14;14;211;Timbauba;x
1220;56;45;255;Goiana;x
1221;105;105;229;Itamaraca;x
1222;51;39;229;Paudalho;x
1223;59;59;145;Gravata;x
1224;4;35;173;Escada;x
1225;87;112;204;Palmares;x
1226;83;101;170;Tamandare;x
1227;71;71;173;Ipojuca;x
1228;13;13;173;Recife;x
1229;31;69;247;Agrestina;x
1230;104;104;255;Antao;x
1231;70;25;255;Granito;x
1232;51;28;255;Cabrobo;x
1233;71;80;255;Itacuruba;x
1234;27;4;194;Pessoa;x
1235;100;89;191;Alhandra;x
1236;56;38;193;Bayeux;x
1237;74;52;239;Mamanguape;x
1238;130;117;249;Sape;x
1239;57;41;181;Jacarau;x
1240;65;53;158;Guarabira;x
1241;101;82;242;Araruna;x
1242;65;59;112;Alagoas;x
1243;24;36;206;Itabaiana;x
1244;28;31;237;Campina Grande;x
1245;109;119;255;Umbuzeiro;x
1246;57;41;181;Cariri;x
1247;3;15;239;Monteiro;x
1248;51;62;242;Sume;x
1249;84;24;224;Cuite;x
1250;31;12;249;Picui;x
1251;82;46;244;Santa Luzia;x
1252;62;47;181;Taperoa;x
1253;139;83;244;Patos;x
1254;79;55;239;Texeira;x
1255;66;7;244;Itaporanga;x
1256;99;19;247;Pianco;x
1257;199;173;247;Coremas;x
1258;102;56;255;Cajazeiras;x
1259;75;50;255;Sousa;x
1260;70;13;173;Pombal;x
1261;63;11;234;Catole de Rocha;x
1262;21;8;181;Brejo da Cruz;x
1263;46;20;122;Canguaretama;x
1264;34;3;205;Natal;x
1265;62;43;255;Lagoas;x
1266;96;43;255;Macaiba;x
1267;66;51;216;Cearamirim;x
1268;34;3;170;Touros;x
1269;67;32;219;Camara;x
1270;180;127;244;Angicos;x
1271;67;8;244;Tangara;x
1272;52;22;173;Currais Novos;x
1273;97;62;239;Serido;x
1274;74;31;244;Caico;x
1275;85;82;234;Jucurutu;x
1276;124;89;244;Santana do Matos;x
1277;127;82;234;Upanema;x
1278;107;47;237;Campo Grande;x
1279;84;14;237;Umarizal;x
1280;124;67;239;Vieira;x
1281;113;28;219;Sao Miguel;x
1282;178;67;239;Pau do Ferros;x
1283;150;39;219;Caraubas;x
1284;106;27;154;Mossoro;x
1285;111;36;204;Assu;x
1286;147;28;247;Mangue;x
1287;151;75;244;Macau;x
1288;237;161;178;Litoral Lagunar Sur;x
1289;239;117;186;Southern Laguna de los Patos;x
1290;237;158;240;Northern Laguna de los Patos;x
1291;237;166;206;Sao Gregorio Channel;x
1292;237;109;181;Merin Lake;x
1293;233;112;239;Rio Guaiba;x
1294;183;89;89;Litoral Lagunar Norte;x
1295;219;76;76;Catarinense Coast;x
1296;249;87;87;Strait of Florianopolis;x
1297;247;86;86;Paulista Coast;x
1298;247;123;123;Southern Fluminense Coast;x
1299;188;94;94;Bay of Ilha Grande;x
1300;186;105;85;Bay of Guanabara;x
1301;247;87;46;Northern Fluminense Coast;x
1302;239;69;75;Rio Paraiba do Sul 1;x
1303;240;102;105;Rio Paraiba do Sul 2;x
1304;239;158;160;Rio Paraiba do Sul 3;x
1305;240;102;66;Coast of Espirito Santo;x
1306;255;73;83;Coast of Ilheus;x
1307;255;96;81;Costa Baiana;x
1308;204;114;106;Sao Francisco River Delta;x
1309;234;117;53;Sao Francisco River 1;x
1310;239;85;28;Sao Francisco River 2;x
1311;255;92;56;Sao Francisco River 3;x
1312;239;97;62;Sao Francisco River 4;x
1313;204;65;30;Eastern Sobradinho Lake;x
1314;255;85;38;Western Sobradinho Lake;x
1315;255;128;86;Sao Francisco River 5;x
1316;255;74;12;Sao Francisco River 6;x
1317;255;97;25;Sao Francisco River 7;x
1318;255;56;25;Sao Francisco River 8;x
1319;204;167;106;Costa Pernambucana;x
1320;204;190;106;Costa Portugaria Oriental;x
1321;204;232;47;Costa Portugaria;x
1322;221;124;124;Coast of Remedios;x
1323;224;188;151;Brazilian Atlantic Sea;x
1324;157;37;224;Dummy1324;x
1325;236;148;53;Dummy1325;x
1326;73;112;205;Dummy1326;x
1327;194;217;84;Dummy1327;x
1328;19;156;232;Dummy1328;x
1329;128;75;163;Dummy1329;x
1330;247;193;116;Dummy1330;x
1331;56;204;121;Dummy1331;x
1332;172;91;48;Dummy1332;x
1333;103;241;69;Dummy1333;x
1334;225;52;198;Dummy1334;x
1335;34;126;187;Dummy1335;x
1336;149;182;213;Dummy1336;x
1337;81;43;152;Dummy1337;x
1338;202;118;71;Dummy1338;x
1339;67;218;239;Dummy1339;x
1340;181;143;26;Dummy1340;x
1341;14;97;166;Dummy1341;x
1342;238;76;109;Dummy1342;x
1343;119;198;44;Dummy1343;x
1344;91;162;227;Dummy1344;x
1345;216;133;185;Dummy1345;x
1346;48;237;154;Dummy1346;x
1347;164;58;97;Dummy1347;x
1348;132;209;176;Dummy1348;x
1349;252;104;39;Dummy1349;x
1350;77;186;132;Dummy1350;x